hex,count
82f3a7fffffffff,8.050477236422847
82f2a7fffffffff,0.0
82f1b7fffffffff,0.42397772227187397
82f1affffffffff,0.0
82f0affffffffff,0.0
82f09ffffffffff,0.2848064507948877
82f007fffffffff,0.0
82ef9ffffffffff,0.0
82ef4ffffffffff,0.0
82eeb7fffffffff,0.0
82ee87fffffffff,0.0
82ed4ffffffffff,7.964609693495342
82ed47fffffffff,0.14593019032616156
82ecaffffffffff,0.2858239835341882
82ec17fffffffff,0.0
82e89ffffffffff,0.0
82e897fffffffff,0.0
82e74ffffffffff,0.14459098678583104
82e747fffffffff,0.4284970420506138
82e707fffffffff,0.14008539568148504
82e577fffffffff,0.14400624437055834
82e55ffffffffff,0.0
82e467fffffffff,0.14400624437055892
82e12ffffffffff,0.14290859099489708
82e0b7fffffffff,0.0
82e097fffffffff,4.900054159045052
82df87fffffffff,0.28210189885565173
82df6ffffffffff,1408.444850877811
82df67fffffffff,1095.804955752533
82df5ffffffffff,20.566503712384254
82df4ffffffffff,2848.174104380868
82df47fffffffff,2322.562979185358
82df37fffffffff,1.8423574116137957
82df17fffffffff,1.297150729324525
82df07fffffffff,2.759111136253194
82de97fffffffff,2.875694898665247
82de87fffffffff,2.8453647406602984
82de77fffffffff,100.71329697389343
82de67fffffffff,25.470905828327066
82db87fffffffff,0.0
82dab7fffffffff,23804.337816525556
82daaffffffffff,2315.4924222061263
82da9ffffffffff,1961.5180901314814
82da97fffffffff,9886.171202028334
82da8ffffffffff,1893.8595262990946
82da87fffffffff,27829.668882491645
82da77fffffffff,1.1630674031942152
82da1ffffffffff,0.0
82da07fffffffff,0.14290233545020717
82d8b7fffffffff,10384.617040931136
82d897fffffffff,3537.471267658547
82d6affffffffff,0.5551748771146312
82d46ffffffffff,40.76872445214453
82d44ffffffffff,39.340434819761164
82d127fffffffff,0.0
82d117fffffffff,0.0
82cfb7fffffffff,993.8195381958949
82cfaffffffffff,1533.0676641454754
82cfa7fffffffff,4606.897922711209
82cf9ffffffffff,8181.822275776494
82cf97fffffffff,912.56840250554
82cf8ffffffffff,1390.980012775875
82cf87fffffffff,1006.340681755606
82cf37fffffffff,6.752570049502989
82cf1ffffffffff,42.47508812482825
82cf17fffffffff,4048.5313365544207
82ceb7fffffffff,203.63252465034392
82ceaffffffffff,18564.940340808284
82cea7fffffffff,614.2758708320516
82ce9ffffffffff,17240.922709040206
82ce97fffffffff,576.0059488887671
82ce8ffffffffff,35172.134571825634
82ce87fffffffff,702.6893905260089
82ce37fffffffff,200.47312938299052
82ce17fffffffff,2262.07070952314
82ccf7fffffffff,1.1598122095069028
82ccc7fffffffff,1.1426587788016451
82cc6ffffffffff,1.9934347502655632
82cb9ffffffffff,0.0
82ca87fffffffff,0.43607631392121693
82ca17fffffffff,0.0
82c9b7fffffffff,411.4466902138851
82c99ffffffffff,10731.67173332916
82c997fffffffff,1067.2309479692822
82c987fffffffff,2743.8791636753654
82c377fffffffff,2091.1199886954146
82c36ffffffffff,405.65395426151224
82c367fffffffff,21588.059447679305
82c35ffffffffff,7356.580405595954
82c357fffffffff,11253.22908333758
82c34ffffffffff,9414.869809772224
82c347fffffffff,1515.1168217649604
82c32ffffffffff,9897.973109118448
82c327fffffffff,73.3296780591703
82c30ffffffffff,4882.2633264943515
82c307fffffffff,9829.02960474906
82c2f7fffffffff,57757.30489914704
82c2effffffffff,352803.2826010988
82c2e7fffffffff,7896.906787856178
82c2dffffffffff,5535.679301144471
82c2d7fffffffff,4649.7101557222995
82c2cffffffffff,20478.50736053182
82c2c7fffffffff,50342.71947106341
82c28ffffffffff,6832.392181005755
82c22ffffffffff,7050.950150029968
82c227fffffffff,2526.9589352715343
82c21ffffffffff,25789.90516132196
82c207fffffffff,8441.661394421568
82c0e7fffffffff,0.0
82c01ffffffffff,9.004734878606328
82bf8ffffffffff,9.302259160872861
82bf6ffffffffff,16029.839508663854
82bf5ffffffffff,466.71366692153197
82bf4ffffffffff,8585.444482719384
82bef7fffffffff,95744.83069594274
82beeffffffffff,638.0101569840496
82bee7fffffffff,6405.240696329995
82bedffffffffff,518.3232636291573
82bed7fffffffff,15587.609453099576
82becffffffffff,161.30960932396937
82bec7fffffffff,896.2277559555823
82beaffffffffff,88737.01864400344
82be9ffffffffff,0.0
82be8ffffffffff,117264.57280343388
82be77fffffffff,16730.841505793444
82be6ffffffffff,129283.12341262642
82be67fffffffff,4741.981620878138
82be5ffffffffff,890.4463346009017
82be57fffffffff,8647.253935452345
82be4ffffffffff,3270.4444848871103
82be47fffffffff,11272.687307596318
82be2ffffffffff,8081.535155099628
82be1ffffffffff,102163.20081578933
82be0ffffffffff,209233.95915935334
82bcf7fffffffff,93052.07874662381
82bceffffffffff,87611.51510638975
82bce7fffffffff,244227.08920313203
82bcdffffffffff,163215.72203841136
82bcd7fffffffff,211954.94601925314
82bccffffffffff,355688.67678373575
82bcc7fffffffff,90718.96559305217
82bc9ffffffffff,42840.62841832386
82bc8ffffffffff,46941.42706750379
82bc77fffffffff,77663.53508144214
82bc6ffffffffff,164545.47357742992
82bc5ffffffffff,6847.121423098689
82bc57fffffffff,69891.193371352
82bc4ffffffffff,9838.183602568544
82bc47fffffffff,63271.02724508206
82bc1ffffffffff,181585.48726180897
82bc0ffffffffff,85894.22255204184
82bb77fffffffff,13548.762586999506
82bb5ffffffffff,6093.532016364319
82bb57fffffffff,49938.52812649228
82bb37fffffffff,40.01108320175964
82bb2ffffffffff,6545.615135814719
82bb0ffffffffff,6820.3853159052
82baf7fffffffff,0.14307101714274748
82ba6ffffffffff,49.72004310027379
82ba27fffffffff,2212.282983927111
82b9b7fffffffff,61.59486410304808
82b9affffffffff,1224.7616932392848
82b9a7fffffffff,455.75079034895106
82b99ffffffffff,12.29944610147623
82b997fffffffff,39.68559151581436
82b98ffffffffff,12.907160221792903
82b987fffffffff,24.01215835355303
82b95ffffffffff,8.17025489944027
82b94ffffffffff,604.9960501297952
82b937fffffffff,2647.9468550846336
82b91ffffffffff,787.5696085317802
82b917fffffffff,35304.09375389889
82b8f7fffffffff,69.34101878823701
82b8effffffffff,7.01637148313963
82b8e7fffffffff,22.620727952968597
82b8dffffffffff,3.3247789458561443
82b8d7fffffffff,19.373319137028275
82b8cffffffffff,1.1692099968039928
82b8c7fffffffff,19.992436074683873
82b8b7fffffffff,8.684066515177168
82b8affffffffff,717.4672043454253
82b8a7fffffffff,5.512196785759639
82b89ffffffffff,136.6695317933117
82b897fffffffff,25.33251439209554
82b88ffffffffff,74.2932085710942
82b887fffffffff,79.21236082406088
82b877fffffffff,14.76349129244088
82b86ffffffffff,941.3815487259112
82b867fffffffff,39.52381938878384
82b85ffffffffff,30.88919519225565
82b857fffffffff,8.917111577488257
82b84ffffffffff,98.80049330611358
82b847fffffffff,20.495744665094392
82b837fffffffff,104.63810948414984
82b82ffffffffff,16.342148494940645
82b827fffffffff,10.715046807054845
82b81ffffffffff,45.30346173818615
82b817fffffffff,65.12335959321362
82b80ffffffffff,8.902003650093707
82b807fffffffff,13.545501824006413
82b4effffffffff,404.86893415467097
82b4e7fffffffff,16.395553629232086
82b4cffffffffff,75.11473333373014
82b4c7fffffffff,55.66453806799501
82b4b7fffffffff,58.882168274967185
82b4affffffffff,61.641797482258035
82b487fffffffff,103.24895809198487
82b39ffffffffff,0.9846995598712057
82b377fffffffff,29620.26708076988
82b36ffffffffff,1225.8793823273033
82b367fffffffff,9464.067673233843
82b35ffffffffff,35044.33608446453
82b357fffffffff,3990.6264920797303
82b34ffffffffff,3343.5709143259123
82b347fffffffff,29557.425186992838
82b337fffffffff,10664.35176638376
82b32ffffffffff,60553.73560962658
82b327fffffffff,62002.00131812068
82b31ffffffffff,10206.8720533583
82b30ffffffffff,10715.961302665572
82b307fffffffff,15492.844679188722
82b2f7fffffffff,8528.208458227391
82b2effffffffff,180280.8415038821
82b2e7fffffffff,21005.462036946214
82b2dffffffffff,49278.5842723647
82b2cffffffffff,70082.73951093029
82b2c7fffffffff,219446.11169506944
82b29ffffffffff,19.15528238961314
82b277fffffffff,9664.093696123184
82b26ffffffffff,4988.354734217006
82b267fffffffff,48878.52190004208
82b25ffffffffff,11139.580709783115
82b257fffffffff,20871.742195445935
82b24ffffffffff,63533.114843900395
82b247fffffffff,7262.520723899985
82b22ffffffffff,342.30964615295335
82b227fffffffff,9268.068222409625
82b21ffffffffff,16857.53295812518
82b20ffffffffff,10643.731741304917
82b207fffffffff,5218.541202610486
82b0a7fffffffff,134.73941986796194
82adb7fffffffff,25530.822132797537
82adaffffffffff,1996.9258639636707
82ada7fffffffff,4901.080522212891
82ad9ffffffffff,1235.6081336110299
82ad97fffffffff,8641.515930283369
82ad8ffffffffff,1706.5566933127736
82ad87fffffffff,779.5519805879594
82ad57fffffffff,0.0
82ad37fffffffff,165767.48397504698
82ad17fffffffff,3606.0606875971616
82acd7fffffffff,2027.2789986754728
82acb7fffffffff,1122.4507939570601
82acaffffffffff,1663.3174861797986
82aca7fffffffff,12983.150018396815
82ac9ffffffffff,13944.281595959252
82ac97fffffffff,6275.734994553849
82ac8ffffffffff,24802.90739124868
82ac87fffffffff,5174.4754736343675
82ac37fffffffff,315.30561248959117
82ac17fffffffff,4860.586776446415
82ab17fffffffff,911.8936763184887
82a977fffffffff,28878.071726326667
82a96ffffffffff,18534.734387353692
82a967fffffffff,12072.670697141579
82a95ffffffffff,71705.42592416704
82a957fffffffff,57580.02003068925
82a94ffffffffff,80088.85292842913
82a947fffffffff,40330.71008120433
82a92ffffffffff,19765.77766712709
82a927fffffffff,1984.4098837842396
82a91ffffffffff,129532.99685698118
82a90ffffffffff,157989.79905371813
82a907fffffffff,15630.102416948648
82a8f7fffffffff,59624.0843777581
82a8effffffffff,19873.09855043774
82a8e7fffffffff,79238.44583063856
82a8dffffffffff,35358.54704433763
82a8d7fffffffff,24015.248358474426
82a8cffffffffff,17441.25623118145
82a8c7fffffffff,165427.71053927127
82a8b7fffffffff,81558.90817688995
82a8affffffffff,382135.3213636242
82a8a7fffffffff,363619.70655353455
82a89ffffffffff,69103.8503938139
82a897fffffffff,101129.87191619011
82a88ffffffffff,187099.56937162002
82a887fffffffff,133910.86512772486
82a877fffffffff,39184.62972329061
82a86ffffffffff,798.6709979827181
82a867fffffffff,20918.239863369636
82a85ffffffffff,6759.595352937534
82a857fffffffff,15078.111425656974
82a84ffffffffff,4231.297473896043
82a847fffffffff,28677.20500229377
82a837fffffffff,132184.88288304085
82a82ffffffffff,44554.699440261116
82a827fffffffff,107789.48698548753
82a81ffffffffff,465058.67539264046
82a817fffffffff,361244.5770435457
82a80ffffffffff,114675.44335876408
82a807fffffffff,118183.22038104056
82a7b7fffffffff,4.683968970622873
82a7affffffffff,45.62953265161567
82a7a7fffffffff,47.63604204902101
82a79ffffffffff,147.26209171415908
82a797fffffffff,45.695048940209965
82a78ffffffffff,364.5827914281202
82a787fffffffff,251.75715992192025
82a737fffffffff,339.52320310311376
82a727fffffffff,51118.089930641545
82a71ffffffffff,28.953437942043784
82a717fffffffff,41.088714394313044
82a70ffffffffff,1019.6701695407813
82a707fffffffff,464.6104626539569
82a6b7fffffffff,499.39594821902836
82a6a7fffffffff,1220.638792699072
82a637fffffffff,15.124086604561409
82a627fffffffff,30.58597412943053
82a617fffffffff,95.9315482995555
82a607fffffffff,142.8837505858817
82a597fffffffff,34726.76862248216
82a407fffffffff,0.1418880527576852
82a3affffffffff,15008.09201285731
82a3a7fffffffff,46008.07818725905
82a39ffffffffff,23066.143172048538
82a397fffffffff,0.0
82a38ffffffffff,18325.5570780469
82a377fffffffff,31222.19019705283
82a36ffffffffff,9.843491306642655
82a367fffffffff,0.43302769053353524
82a35ffffffffff,0.0
82a357fffffffff,48440.71717147044
82a337fffffffff,25166.885682245924
82a32ffffffffff,26030.89503495206
82a327fffffffff,27941.073680207508
82a31ffffffffff,12876.566969819038
82a317fffffffff,6070.9175918821375
82a30ffffffffff,26017.116186167255
82a307fffffffff,12876.793135102716
82a2affffffffff,44102.61177113859
82a2a7fffffffff,43397.2351786655
82a287fffffffff,22628.998826728537
82a26ffffffffff,0.5638298318618078
82a25ffffffffff,0.0
82a257fffffffff,83020.5337786347
82a247fffffffff,73081.14860059548
82a237fffffffff,53304.978262547535
82a227fffffffff,66473.72240873321
82a217fffffffff,50899.13864920681
82a207fffffffff,198634.47365413271
82a16ffffffffff,8.564884703431021
82a15ffffffffff,3.9522561143896846
82a157fffffffff,7.422751742363989
82a11ffffffffff,50.06784303410523
82a117fffffffff,1.8184330364926544
82a0effffffffff,7.076939799758589
82a0e7fffffffff,2.8580175321949564
82a0dffffffffff,218.29737879772037
82a077fffffffff,45.01361214405413
82a06ffffffffff,93.96240779357127
82a067fffffffff,2.1233418956381036
82a05ffffffffff,187.685474068635
82a057fffffffff,4.382454067383015
82a04ffffffffff,274.9144462521173
82a047fffffffff,21.81574731820678
82a02ffffffffff,9.172597656733249
82a027fffffffff,3.2812551050069447
82a00ffffffffff,45.57732141802099
82a007fffffffff,22.193844977160865
829f5ffffffffff,5981.17502111241
829f57fffffffff,4632.850556499524
829f1ffffffffff,1602.170977091355
829f0ffffffffff,762.8886095132245
829ef7fffffffff,780.0104178661129
829edffffffffff,10318.79692215551
829ed7fffffffff,1834.8222250242504
829ec7fffffffff,826.1579367769989
829eaffffffffff,174.2553518530429
829ea7fffffffff,34.61473521285102
829e8ffffffffff,765.3630577735881
829e87fffffffff,486.5158075647753
829e37fffffffff,4473.678349611642
829e2ffffffffff,1671.7391297169283
829e27fffffffff,3761.2967803308043
829e1ffffffffff,2490.500352008436
829e17fffffffff,4690.4803166830025
829e07fffffffff,5918.379469586566
829daffffffffff,0.0
829d9ffffffffff,926.5854174410508
829d97fffffffff,539.6960354633774
829d77fffffffff,1043.3071313942387
829d6ffffffffff,19.344375474801613
829d67fffffffff,123.23076288360016
829d5ffffffffff,50.420547049287464
829d57fffffffff,5305.7464945677875
829d4ffffffffff,599.6914836718387
829d47fffffffff,183.47482417680655
829d37fffffffff,0.0
829d2ffffffffff,7153.989222096694
829d27fffffffff,11076.320798824228
829d0ffffffffff,7448.149253130325
829d07fffffffff,8299.527696948624
829cf7fffffffff,543.1440290833657
829ceffffffffff,219.4408071741594
829ce7fffffffff,274.2135787900237
829cdffffffffff,9704.5022911155
829cd7fffffffff,66740.51292617322
829ccffffffffff,1321.0489786327198
829cc7fffffffff,6673.412932896333
829cb7fffffffff,6980.302637709606
829caffffffffff,18404.887415858924
829ca7fffffffff,7287.983956133927
829c9ffffffffff,5406.468684281111
829c97fffffffff,13555.557062383861
829c8ffffffffff,29268.66064408093
829c87fffffffff,22054.303931738683
829c77fffffffff,42.06848271197608
829c6ffffffffff,10.748062310077952
829c67fffffffff,75.39107296885787
829c5ffffffffff,127.41500049689135
829c4ffffffffff,77.06862328422864
829c47fffffffff,29.67986838198037
829c2ffffffffff,5724.119482755
829c27fffffffff,8768.955030303683
829c1ffffffffff,51.982897608389266
829c0ffffffffff,92.58845926737094
829c07fffffffff,5307.318519316478
829bb7fffffffff,2.283969254248263
829baffffffffff,100.96725658628861
829b8ffffffffff,903.7778553403821
829b77fffffffff,19.3509454557051
829b6ffffffffff,824.293216957873
829b5ffffffffff,2708.0274587248314
829b57fffffffff,172.99769907855332
829b4ffffffffff,13072.943706651537
829b47fffffffff,202.35105005750938
829b1ffffffffff,359.2560878871302
829b0ffffffffff,3566.1161122824315
829b07fffffffff,3329.608513675899
829af7fffffffff,24.76464956722779
829adffffffffff,0.0
829ab7fffffffff,12.968331816459521
829aaffffffffff,0.14297985354612594
829a77fffffffff,84.19741896477922
829a6ffffffffff,29.042909954148037
829a5ffffffffff,169.1143935282859
829a4ffffffffff,176.90910379596434
829a47fffffffff,0.2787450166271367
829a2ffffffffff,22.616366220676213
829a27fffffffff,370.147662573828
829a17fffffffff,933.8224598812594
829a0ffffffffff,504.13110283923726
829a07fffffffff,4657.445239866373
8299a7fffffffff,20.912824261131895
82980ffffffffff,89.58747621598448
8297b7fffffffff,126332.64721920619
8297affffffffff,221942.9305803419
8297a7fffffffff,70032.49317710349
82979ffffffffff,61304.16351788431
829797fffffffff,19783.42087075421
82978ffffffffff,34819.23570178129
829787fffffffff,95348.9786963148
829777fffffffff,51965.979243195914
82976ffffffffff,1190.279961454384
829767fffffffff,28797.812435168635
82975ffffffffff,32573.017379457575
829757fffffffff,59195.28394941333
82974ffffffffff,4633.138086812576
829747fffffffff,9379.044268544265
829737fffffffff,44438.338262690064
82972ffffffffff,29336.43640984716
829727fffffffff,54927.030999569775
82971ffffffffff,110521.23105977036
829717fffffffff,50932.37375964244
82970ffffffffff,124700.47882615335
829707fffffffff,46977.707067069576
8296f7fffffffff,68243.91761799698
8296effffffffff,113611.11299263222
8296e7fffffffff,131510.32233854578
8296dffffffffff,47748.897893316236
8296d7fffffffff,339306.3028995556
8296cffffffffff,135865.57264184247
8296c7fffffffff,98634.11828918406
8296b7fffffffff,124260.09328544038
8296affffffffff,120089.30384232549
8296a7fffffffff,81589.89907828256
82969ffffffffff,164142.80981989217
829697fffffffff,161812.50035963557
82968ffffffffff,80947.40510418048
829687fffffffff,77326.92766589284
829677fffffffff,13062.135035339417
82966ffffffffff,1581.261190188653
829667fffffffff,15537.697742605891
82965ffffffffff,38100.31857010472
829657fffffffff,34940.184207063496
82964ffffffffff,16815.98099058665
829647fffffffff,10958.988723055469
829637fffffffff,271633.9969186142
82962ffffffffff,134152.86484556348
829627fffffffff,119108.88210544837
82961ffffffffff,58161.86844551746
829617fffffffff,90204.85869090841
82960ffffffffff,206003.19177446704
829607fffffffff,41262.041944793236
8295affffffffff,34411.35462011828
8295a7fffffffff,147800.3626728659
829577fffffffff,52321.589099660014
82956ffffffffff,19995.783869927993
829567fffffffff,8987.447519877318
82955ffffffffff,7893.784676468801
829557fffffffff,5989.012838983545
82954ffffffffff,14247.417473928843
829547fffffffff,31653.810772237077
829537fffffffff,22372.391094011953
82952ffffffffff,117492.42550369118
829527fffffffff,23191.11632547568
82951ffffffffff,35224.04387286558
829517fffffffff,84563.01113441077
82950ffffffffff,55731.03173994199
829507fffffffff,234027.55218407683
8294f7fffffffff,46.4859330485399
8294effffffffff,303.6207644493491
8294e7fffffffff,28.361959714849437
8294dffffffffff,31.352212448630976
8294d7fffffffff,75.99460988580012
8294cffffffffff,43.611309777979564
8294c7fffffffff,93.2075620979164
8294affffffffff,72.93429646107417
82949ffffffffff,40.87790268654692
829497fffffffff,163.31149439168033
82948ffffffffff,769.2502268415402
829487fffffffff,757.0249690228736
829477fffffffff,95.5651765708142
82946ffffffffff,3720.7694322431803
829467fffffffff,2305.52463028388
82945ffffffffff,3539.486087081037
829457fffffffff,6603.2610032074535
82944ffffffffff,173.3310720555984
829447fffffffff,98.59584502254553
829437fffffffff,26280.693247554063
82942ffffffffff,54494.98170094389
829427fffffffff,66000.72574711694
82941ffffffffff,7.295602006669808
829417fffffffff,1.2798815022717238
829407fffffffff,48226.647311294
829167fffffffff,0.0
828fa7fffffffff,853.0659000090473
828f77fffffffff,185517.06567120078
828f6ffffffffff,3381.303942693868
828f67fffffffff,1720.6718018962247
828f5ffffffffff,67617.90312349539
828f57fffffffff,85513.6649023936
828f4ffffffffff,23312.189411306863
828f47fffffffff,34427.08214201216
828f2ffffffffff,94145.17333619906
828f27fffffffff,42847.14737277584
828f0ffffffffff,186054.61672984436
828e77fffffffff,458766.52577727207
828e6ffffffffff,63773.87568146284
828e67fffffffff,487996.69641715626
828e4ffffffffff,3377.319417086796
828e47fffffffff,26011.768845589766
828e27fffffffff,28772.487519956067
828db7fffffffff,20753.634531285752
828daffffffffff,403343.37292486156
828da7fffffffff,168358.50055377357
828d9ffffffffff,20511.86723223747
828d97fffffffff,99395.4096288104
828d8ffffffffff,602576.3267974356
828d87fffffffff,304436.0927835836
828cf7fffffffff,193828.08141810948
828ce7fffffffff,225.10922110976907
828cdffffffffff,127752.69795173545
828cd7fffffffff,122226.94611543958
828cc7fffffffff,35121.045889942245
828cb7fffffffff,34132.54962560608
828caffffffffff,56105.98856753872
828ca7fffffffff,9365.58540268435
828c9ffffffffff,13876.210864872235
828c97fffffffff,97682.62997464469
828c8ffffffffff,59928.84135868208
828c87fffffffff,31995.626656087505
828c6ffffffffff,24.95902291537369
828c47fffffffff,23.95460266153414
828c37fffffffff,636276.0307259823
828c27fffffffff,67.56766704907284
828c1ffffffffff,739609.3415245978
828c17fffffffff,1754584.7425577098
828bb7fffffffff,9423.232729089494
828baffffffffff,3406.08766925382
828ba7fffffffff,31125.509173923514
828b9ffffffffff,3560.534624137026
828b97fffffffff,2234.671648128183
828b8ffffffffff,4147.816661751015
828b87fffffffff,11354.556956492928
828b77fffffffff,6340.058451913673
828b6ffffffffff,23039.785212086343
828b67fffffffff,38612.19454556063
828b5ffffffffff,13670.57159566581
828b57fffffffff,8773.713245873578
828b4ffffffffff,2434.292329184313
828b47fffffffff,7942.155809432593
828b37fffffffff,1945.3075398662809
828b2ffffffffff,38118.05280937011
828b27fffffffff,33493.41019409456
828b1ffffffffff,2261.9939855550388
828b17fffffffff,4512.838603002919
828b0ffffffffff,5233.024670368333
828b07fffffffff,14401.198932243888
828af7fffffffff,53460.92356214835
828aeffffffffff,1787.8371863053117
828ae7fffffffff,4009.4595717335496
828adffffffffff,11440.64621171825
828ad7fffffffff,1779.7625816806317
828acffffffffff,223.03142074177293
828ac7fffffffff,667.0795521926889
828ab7fffffffff,3125.0345543399744
828aaffffffffff,796.148740988638
828aa7fffffffff,1007.3208398633649
828a9ffffffffff,13086.3434333436
828a97fffffffff,7559.490072673408
828a8ffffffffff,11531.699163998392
828a87fffffffff,4367.464440776095
828a77fffffffff,920.3011440007829
828a6ffffffffff,9308.61994010412
828a67fffffffff,2187.466820886401
828a5ffffffffff,1515.9099903535616
828a57fffffffff,2294.426758504107
828a4ffffffffff,625.2705312431821
828a47fffffffff,6275.143889315647
828a37fffffffff,6505.656278990129
828a2ffffffffff,13635.015430137535
828a27fffffffff,13950.4373000606
828a1ffffffffff,1221.1194083896623
828a17fffffffff,1361.9259294947221
828a0ffffffffff,1615.0113312475457
828a07fffffffff,3556.9899275331313
82896ffffffffff,2.28662990235968
82895ffffffffff,9.330386078944603
82894ffffffffff,12.562764045136001
828937fffffffff,13093.001971470809
82892ffffffffff,301.68631996953684
828927fffffffff,1821.5176121270965
828917fffffffff,86.96431890573112
828907fffffffff,2478.604418000804
8288cffffffffff,314.75378007332057
82882ffffffffff,9.550330621529607
82881ffffffffff,0.0
82880ffffffffff,0.0
8285b7fffffffff,10.260269277302877
8285a7fffffffff,4350.476626072467
82859ffffffffff,9.804563244966221
828587fffffffff,4149.504163639786
82846ffffffffff,2140.078483616205
82845ffffffffff,0.0
8283b7fffffffff,195588.50457314044
8283affffffffff,32154.48871984338
8283a7fffffffff,18314.328159254077
82839ffffffffff,33045.862386714296
828397fffffffff,48308.76546285455
82838ffffffffff,235869.21652411832
828387fffffffff,87897.37356251931
828337fffffffff,51103.54933155629
828327fffffffff,67851.44936931111
82831ffffffffff,175666.6675127466
828317fffffffff,33426.43534010184
828307fffffffff,79235.28231266678
8282f7fffffffff,43126.47182605299
8282e7fffffffff,453.3398450340183
8282dffffffffff,651474.0996569898
8282d7fffffffff,204284.80408943645
8282c7fffffffff,376.6458212318204
8282b7fffffffff,37764.83425787681
8282affffffffff,17602.879763919005
8282a7fffffffff,22712.28156667176
82829ffffffffff,19800.68756959212
828297fffffffff,23681.558239856207
82828ffffffffff,14177.499479080607
828287fffffffff,8420.738203866125
828257fffffffff,140.89558808319228
828237fffffffff,56150.408186978355
82821ffffffffff,4561.956627828833
828217fffffffff,28201.031267416638
828207fffffffff,2596.9167929211744
8281affffffffff,162115.43365138222
8281a7fffffffff,106275.653930193
82819ffffffffff,222759.60669966965
82818ffffffffff,264951.50094863656
828187fffffffff,158974.33408958657
828177fffffffff,8109.069706180513
82816ffffffffff,5089.428309270536
828167fffffffff,7402.100133619724
82815ffffffffff,28139.072993347378
828157fffffffff,5860.995718067543
82814ffffffffff,19657.05431992775
828147fffffffff,16280.15580123702
828137fffffffff,34946.615564697495
82812ffffffffff,21096.639719088187
828127fffffffff,29211.73064941907
82811ffffffffff,40551.08529647613
828117fffffffff,217150.69318098537
82810ffffffffff,18721.713124784877
828107fffffffff,50010.183008385575
8280b7fffffffff,9.51578013012628
8280a7fffffffff,72025.94212008583
828077fffffffff,49629.96462473792
82806ffffffffff,19401.50284578567
828067fffffffff,31307.389544892725
828057fffffffff,55565.538966960994
82804ffffffffff,9020.530440021304
828047fffffffff,100771.7436478415
828037fffffffff,68606.95084974202
82802ffffffffff,53585.046559734554
828027fffffffff,34573.50057231344
82801ffffffffff,50602.32204877759
828017fffffffff,194728.85354841707
82800ffffffffff,74008.73293744799
828007fffffffff,40952.07489783279
827faffffffffff,22.9097776991936
827fa7fffffffff,21.595500463525493
827f4ffffffffff,5.011342759079956
827f1ffffffffff,13.967487650433418
827f17fffffffff,29.77860743395378
827ef7fffffffff,3661.0207903576993
827ee7fffffffff,1865.3932915044238
827edffffffffff,30.94078840935434
827ed7fffffffff,455.2761344161807
827ecffffffffff,8.703818845754194
827ec7fffffffff,2275.073144803261
827e1ffffffffff,183.8373132145685
827e17fffffffff,193.14729052778165
827e07fffffffff,209.94110645651458
827c67fffffffff,0.0
827b6ffffffffff,64499.19898326066
827b5ffffffffff,94776.06973143833
827b4ffffffffff,282218.06647964637
827b37fffffffff,1.6873573994496411
827b2ffffffffff,1.8815477449550477
827b27fffffffff,0.4200046422038606
827af7fffffffff,25408.224939085165
827aeffffffffff,39224.80334457901
827ae7fffffffff,38200.87875463549
827adffffffffff,182883.0538222291
827ad7fffffffff,21115.78616726656
827acffffffffff,187377.5500078668
827ac7fffffffff,25597.47980008763
827aaffffffffff,13508.021924330962
827a9ffffffffff,10633.452232520864
827a97fffffffff,5111.3731258523785
827a8ffffffffff,14895.238713122355
827a87fffffffff,9902.226238587898
827a77fffffffff,32612.28009429256
827a6ffffffffff,408421.1836735657
827a67fffffffff,142643.7020948204
827a5ffffffffff,26402.181695826883
827a57fffffffff,24756.05891818882
827a4ffffffffff,130433.90491622478
827a47fffffffff,68236.96605811056
827a2ffffffffff,42554.371852761455
827a1ffffffffff,220414.77502004552
827a17fffffffff,9640.067475110647
827a0ffffffffff,44882.65231305124
82789ffffffffff,0.28579346128623206
82779ffffffffff,10312.434408941146
827797fffffffff,820.0503582793281
827777fffffffff,2540.1881060848114
827767fffffffff,20.95608391928871
82775ffffffffff,129.42240386529735
827757fffffffff,842.1958361852168
827737fffffffff,978.0978619618513
827727fffffffff,838.0156688897098
82771ffffffffff,2.5724158518076963
82770ffffffffff,828.2838187354083
827707fffffffff,784.6040773250612
8276f7fffffffff,107.65338841283231
8276dffffffffff,0.14500476751957928
8276d7fffffffff,4471.57636960131
8276b7fffffffff,15054.385976967065
8276affffffffff,567.9469026221285
8276a7fffffffff,8953.838389415745
82769ffffffffff,3060.4946211598394
827697fffffffff,118.1218956797092
82768ffffffffff,2560.280631970518
827687fffffffff,10143.969745749246
82765ffffffffff,246.27255363484528
827637fffffffff,5.9585590122918815
8275b7fffffffff,164272.50038692894
8275affffffffff,105151.57072997023
8275a7fffffffff,63976.08390645962
82758ffffffffff,28851.28466441574
827587fffffffff,81307.4513369494
827577fffffffff,342743.5716584142
82755ffffffffff,0.0
827537fffffffff,132671.48828419892
82752ffffffffff,84648.97271681721
827527fffffffff,76357.53494168825
82751ffffffffff,159571.85365169993
827517fffffffff,59723.620335403684
82750ffffffffff,113789.27562773791
827507fffffffff,33293.50151592711
827437fffffffff,65934.11631365166
8273b7fffffffff,7811.524133708029
8273affffffffff,0.8613782197397182
82739ffffffffff,2937.725836666817
827397fffffffff,26626.29032105074
82738ffffffffff,31.246994115430738
827387fffffffff,9023.501010432903
827357fffffffff,173.73757878922837
82731ffffffffff,360.2911671978426
8272f7fffffffff,1145.3052568722214
8272dffffffffff,69893.11459965564
8272d7fffffffff,41901.011112940454
8272cffffffffff,448.90023557785196
8272c7fffffffff,21178.409217884397
8272b7fffffffff,9398.290411572923
8272affffffffff,15912.954072406239
8272a7fffffffff,16477.58380232224
82729ffffffffff,5376.193038223675
827297fffffffff,6703.100519406564
82728ffffffffff,69700.92945503643
827287fffffffff,6152.272626803328
827277fffffffff,27.321693582870076
82726ffffffffff,31.48656736035123
827267fffffffff,31.099927588517822
82724ffffffffff,195.7227741815813
827247fffffffff,31.003130666738773
8270d7fffffffff,1.1279348406055456
827087fffffffff,0.0
82706ffffffffff,111.9605578700608
827067fffffffff,0.14491459549256494
826d77fffffffff,276504.52828278
826d6ffffffffff,117923.8688772626
826d67fffffffff,254819.4747713656
826d57fffffffff,0.0
826d37fffffffff,212648.29527566073
826d2ffffffffff,168015.01793793752
826d27fffffffff,137197.37226622854
826d17fffffffff,48836.03261275054
826d07fffffffff,52564.407122262724
826c67fffffffff,0.14469936589971863
826c5ffffffffff,675.605181045355
826bb7fffffffff,125014.74453010797
826baffffffffff,33367.896522157906
826ba7fffffffff,81941.08583077489
826b9ffffffffff,18792.734240807436
826b97fffffffff,27099.55704053187
826b8ffffffffff,11383.40463802148
826b87fffffffff,71231.1454541643
826b77fffffffff,15297.338231297626
826b6ffffffffff,200149.32370924216
826b67fffffffff,754.7884226620511
826b5ffffffffff,23483.87399367603
826b57fffffffff,78505.53821264279
826b4ffffffffff,94700.71456479705
826b47fffffffff,44223.91329151493
826b37fffffffff,1764.9455755759395
826b2ffffffffff,12198.751496176883
826b27fffffffff,4567.367516182969
826b1ffffffffff,33897.29532723668
826b17fffffffff,26420.673183768497
826b0ffffffffff,116874.85905269624
826b07fffffffff,23491.92183338311
826af7fffffffff,19102.321387830245
826aeffffffffff,224575.41966539423
826ae7fffffffff,27322.7209279644
826adffffffffff,558536.6980419602
826ad7fffffffff,37887.10600868397
826acffffffffff,436271.5183582391
826ac7fffffffff,90284.61242476008
826ab7fffffffff,24999.105903767122
826aaffffffffff,41250.076572236765
826aa7fffffffff,86569.04257448392
826a9ffffffffff,14675.793981512687
826a97fffffffff,52404.3531023415
826a8ffffffffff,35693.51977519492
826a87fffffffff,46402.802849310836
826a77fffffffff,30504.213327019435
826a6ffffffffff,144314.3759449145
826a67fffffffff,16317.401195443603
826a5ffffffffff,81486.7713200332
826a57fffffffff,28030.616749624096
826a4ffffffffff,77823.06184089367
826a47fffffffff,30212.958964802874
826a37fffffffff,3370.9004230921532
826a2ffffffffff,28671.904518029874
826a27fffffffff,67894.27795859458
826a1ffffffffff,5798.430634562879
826a17fffffffff,11983.086634926542
826a0ffffffffff,12577.906797084228
826a07fffffffff,812.7347661960245
8269affffffffff,6.192447487932886
8269a7fffffffff,56368.85745538318
82699ffffffffff,49854.35401671921
826997fffffffff,2083.4213989593354
82696ffffffffff,172637.62956940793
82695ffffffffff,12703.698764720566
82694ffffffffff,1378811.0816224462
826947fffffffff,262790.34723082505
826937fffffffff,186112.48434834532
82692ffffffffff,14.821671035201554
826927fffffffff,25595.252441738525
82691ffffffffff,10.453151904230017
826917fffffffff,144740.6979779749
8268f7fffffffff,18680.093764976053
8268effffffffff,12949.423338620285
8268e7fffffffff,25513.50222589557
8268dffffffffff,33800.684015115155
8268d7fffffffff,44181.6147847059
8268cffffffffff,62682.08275469478
8268c7fffffffff,24374.976821347296
8268b7fffffffff,74164.9674628936
8268affffffffff,2872.9719441925727
8268a7fffffffff,26992.35731300428
82689ffffffffff,120267.96143826946
826897fffffffff,30962.701905044738
82688ffffffffff,68505.65481858804
826887fffffffff,10599.658436863423
826877fffffffff,6661.844490360838
82686ffffffffff,147897.05299216945
826867fffffffff,268148.1758699639
82685ffffffffff,240057.69281680553
826857fffffffff,76862.48780698137
82684ffffffffff,172980.5232898726
826847fffffffff,291108.4251294696
826837fffffffff,2.6159527371037403
82682ffffffffff,18923.14946755574
826827fffffffff,10.921083406873931
82681ffffffffff,56074.26943378104
826817fffffffff,31793.71839318925
82680ffffffffff,13037.693732439704
826807fffffffff,15579.308192793695
8267b7fffffffff,2290.496733031715
8267a7fffffffff,0.0
82679ffffffffff,14648.241966637403
826797fffffffff,57895.72570551387
82678ffffffffff,34317.02470182157
826787fffffffff,104.36422483387922
826777fffffffff,15948.650904394182
82676ffffffffff,48.98312823586739
82675ffffffffff,118227.47323734363
826757fffffffff,30211.84183473005
82674ffffffffff,298985.32578738336
826747fffffffff,22514.87000666411
826737fffffffff,119115.76211477495
826727fffffffff,178656.5917238071
8266f7fffffffff,183583.84918544587
8266effffffffff,24681.491890410758
8266e7fffffffff,352329.0479291773
8266dffffffffff,144288.22656102182
8266d7fffffffff,20353.8929665605
8266cffffffffff,5753.246381513083
8266c7fffffffff,161318.42390600548
8266b7fffffffff,118157.63228163405
8266affffffffff,20174.334169571925
8266a7fffffffff,29955.150533545628
82669ffffffffff,0.0
826687fffffffff,23106.47424036796
826677fffffffff,90810.36544319017
82666ffffffffff,4720.046464602598
826667fffffffff,16735.165012785114
82665ffffffffff,1063.5134951384618
826657fffffffff,141560.61641477078
82664ffffffffff,1610.5329279974562
826647fffffffff,1164.9706792444147
826637fffffffff,145401.28746403762
82662ffffffffff,85279.0746891087
826627fffffffff,40552.717692801954
82661ffffffffff,23696.306331531505
826617fffffffff,53674.002693473034
82660ffffffffff,90086.14559163751
826607fffffffff,143544.95219221764
8265b7fffffffff,265228.97321699205
8265affffffffff,179077.09716378732
8265a7fffffffff,342293.8245165247
82659ffffffffff,179451.35253429832
826597fffffffff,130312.45327992382
82658ffffffffff,142729.167529714
826587fffffffff,522696.41323655035
826577fffffffff,243727.8866907691
826557fffffffff,137370.0388205954
826537fffffffff,209721.0524246899
82652ffffffffff,350921.6123013327
826527fffffffff,432830.89443765726
82651ffffffffff,146359.1819127129
826517fffffffff,95945.13119341579
82650ffffffffff,346360.0384244701
826507fffffffff,77030.12246542724
8264f7fffffffff,126202.25604537508
8264e7fffffffff,9293.563775369768
8264d7fffffffff,35711.33131789829
8264b7fffffffff,164101.8804133808
8264affffffffff,93263.6118443339
8264a7fffffffff,389564.480507133
82649ffffffffff,85353.64632647415
826497fffffffff,56055.00795656632
82648ffffffffff,316926.23731450323
826487fffffffff,140742.55149894525
826437fffffffff,51031.64268588046
82642ffffffffff,25805.938090492375
826427fffffffff,131920.04174483896
82641ffffffffff,14522.883024938053
826417fffffffff,391542.3168605507
82640ffffffffff,793.4082709424969
8263b7fffffffff,13696.342435028426
8263affffffffff,2058.023969466858
826397fffffffff,16854.219876565927
826387fffffffff,4395.19935828762
826337fffffffff,8444.059739306442
826327fffffffff,3203.4470881825196
826287fffffffff,0.0
8261affffffffff,106985.5601555321
82619ffffffffff,409746.0626144303
82618ffffffffff,744579.4123941812
82616ffffffffff,1881.639500345886
826167fffffffff,2083.4546253838657
82615ffffffffff,4679.46651884983
826157fffffffff,7907.501170339498
826147fffffffff,1645.5371417650565
82611ffffffffff,293310.6223535421
826117fffffffff,126372.04237368859
826107fffffffff,120537.86907499825
8260f7fffffffff,337573.93062252545
8260e7fffffffff,156.11586818033723
8260b7fffffffff,229063.09609743525
8260affffffffff,513281.99870916165
8260a7fffffffff,692538.6236708706
82609ffffffffff,557694.2427566093
826097fffffffff,497909.9913477324
82608ffffffffff,698463.3114385611
826087fffffffff,612120.0467591963
826037fffffffff,892459.8890973793
82602ffffffffff,3160.913162954877
826027fffffffff,550224.2768317846
82601ffffffffff,317996.068882749
826017fffffffff,821526.5295998544
82600ffffffffff,1053.2091859463558
826007fffffffff,872907.5306243764
825f77fffffffff,1567.6566014165555
825f6ffffffffff,1023.0610091832355
825f67fffffffff,1538.2304575599292
825f5ffffffffff,46211.548069759694
825f57fffffffff,20407.962061681843
825f4ffffffffff,52360.999594289846
825f47fffffffff,2859.9435414265567
825f37fffffffff,6032.544935689496
825f2ffffffffff,55.14170129613397
825f27fffffffff,231.20290662098878
825f1ffffffffff,7807.559183196177
825f17fffffffff,4618.717987539093
825f0ffffffffff,13606.816684106829
825f07fffffffff,1657.644927385828
825e77fffffffff,15916.956413296535
825e67fffffffff,39331.32374990826
825e5ffffffffff,18736.311560640723
825e4ffffffffff,0.29104454202795577
825e47fffffffff,16122.245549915728
825d17fffffffff,35234.84780434781
825b77fffffffff,939.9234261247461
825b67fffffffff,15.98707826099158
825b5ffffffffff,181.1349121077631
825b57fffffffff,67.10438373649282
825b4ffffffffff,195.01807080606252
825b47fffffffff,28.381100082854623
825b2ffffffffff,445.04501994995263
825aeffffffffff,3.1909613434119457
825a6ffffffffff,8.389174769173627
825a67fffffffff,0.4286875618086405
825a2ffffffffff,10.381393683933698
8259b7fffffffff,71824.81529267937
8259affffffffff,21588.92984896151
8259a7fffffffff,22917.395878061987
82599ffffffffff,167110.21836485463
825997fffffffff,106220.90955374036
82598ffffffffff,92625.76391853091
825987fffffffff,113846.79844369
825977fffffffff,2956.0680787334013
82596ffffffffff,518.7835481434747
825967fffffffff,266.6915104706359
82595ffffffffff,10023.062658096327
825957fffffffff,3965.464439749365
82594ffffffffff,110.32292291759093
825947fffffffff,299.0280127869925
825937fffffffff,77.32022745588402
82592ffffffffff,42.09613783475421
825927fffffffff,54.88060658130383
82591ffffffffff,3849.953202179201
825917fffffffff,1393.7589827394465
82590ffffffffff,636.7696176479225
825907fffffffff,1246.1996799825229
8258f7fffffffff,297659.1490957997
8258effffffffff,221372.0781856368
8258e7fffffffff,474596.19337906817
8258dffffffffff,200021.236882431
8258d7fffffffff,758535.6163398204
8258cffffffffff,39839.214672507274
8258c7fffffffff,213382.33148802404
8258b7fffffffff,74130.92206524753
8258affffffffff,121896.67764754948
8258a7fffffffff,106701.58360467934
82589ffffffffff,712427.0604483905
825897fffffffff,242241.83208197413
82588ffffffffff,573656.8580007784
825887fffffffff,176896.26498216568
825877fffffffff,27775.295938824485
82586ffffffffff,758.2908426766713
825867fffffffff,926.9852075911637
82585ffffffffff,197889.41075046497
825857fffffffff,251233.93390727174
82584ffffffffff,95673.0687887209
825847fffffffff,36917.910890280815
825837fffffffff,51256.72842338452
82582ffffffffff,14210.771805545288
825827fffffffff,848.7086279586864
82581ffffffffff,203782.37710322425
825817fffffffff,198915.49883978502
82580ffffffffff,483009.63725688873
825807fffffffff,207870.1764476068
82574ffffffffff,11727.107582657842
8255affffffffff,3611.220290825925
82558ffffffffff,3659.4166089854357
825577fffffffff,12.977531162317279
82556ffffffffff,192.63294291048692
825567fffffffff,226.79881330965256
82555ffffffffff,1439.5435588453859
825557fffffffff,171.58280106097934
82554ffffffffff,742.0075521155787
825547fffffffff,13.433379807205219
825537fffffffff,12265.547066841047
82552ffffffffff,28.953030495859643
825527fffffffff,1235.1140837066027
82551ffffffffff,535.5066550540788
825517fffffffff,4786.52908911946
82550ffffffffff,1285.3098196438093
825507fffffffff,314.68388590846195
8254f7fffffffff,117041.08436613104
8254effffffffff,149591.23263662736
8254e7fffffffff,107835.49113486653
8254cffffffffff,169468.3110120047
8254c7fffffffff,142429.32101532078
8254b7fffffffff,9510.644912980142
8254affffffffff,397262.0881255279
825497fffffffff,7054.309093460458
825477fffffffff,35508.82767558049
82546ffffffffff,102503.43373293482
825467fffffffff,19207.11237778592
82545ffffffffff,61413.72220809343
825457fffffffff,33948.905597068064
82544ffffffffff,50256.17555574855
825447fffffffff,148940.2341104206
825437fffffffff,3948.1993338276156
82542ffffffffff,8445.972531081532
825427fffffffff,1682.1380735494502
82541ffffffffff,276719.0797680509
825417fffffffff,59961.22779910047
82540ffffffffff,48641.27761654316
825407fffffffff,13750.286507496121
8253b7fffffffff,1885.9279936375985
8253affffffffff,27328.510116085057
8253a7fffffffff,30195.658725419846
82539ffffffffff,34198.24813673976
825397fffffffff,19439.734459348372
82538ffffffffff,40161.571687877404
825387fffffffff,5793.439483241846
825377fffffffff,33376.75199991127
82536ffffffffff,123406.30024191321
825367fffffffff,26988.036509738402
82535ffffffffff,5434.898057496748
825357fffffffff,13831.166871350038
82534ffffffffff,17033.683427145577
825347fffffffff,171202.13751436365
825337fffffffff,17882.69371020022
82532ffffffffff,10876.154983354327
825327fffffffff,7216.781750673059
82531ffffffffff,46496.68012030331
825317fffffffff,12657.710257893646
82530ffffffffff,16482.6792103474
825307fffffffff,5400.161359149981
8252f7fffffffff,49103.20148749024
8252effffffffff,29874.54037996216
8252e7fffffffff,344425.97667532467
8252dffffffffff,72773.05067811102
8252d7fffffffff,78107.10487024316
8252cffffffffff,5801.0353991431175
8252c7fffffffff,200429.71699593967
8252b7fffffffff,150023.47263068781
8252affffffffff,128830.65011701745
8252a7fffffffff,74677.2112441295
82529ffffffffff,310146.257714328
825297fffffffff,48112.81414849318
82528ffffffffff,216415.82579183293
825287fffffffff,143968.3207201431
825277fffffffff,315.0649184310722
82526ffffffffff,1343.1764451845713
82525ffffffffff,29901.619311842085
825257fffffffff,7378.25201066496
82524ffffffffff,10861.311203298541
825247fffffffff,511.80802392264275
825237fffffffff,248937.40506906557
82522ffffffffff,4369.481953834688
825227fffffffff,7279.557355686041
82521ffffffffff,87846.61705683361
825217fffffffff,57936.550736046556
82520ffffffffff,31017.645341134437
825207fffffffff,62621.29188405317
824f4ffffffffff,5432.188393575917
824ecffffffffff,34.4579435403048
824eaffffffffff,6.138044710031698
824e77fffffffff,0.1444276145322251
824e67fffffffff,1931.0875424443557
824d4ffffffffff,6773.315059856044
824cf7fffffffff,222347.57745491344
824ceffffffffff,97227.49281862857
824cd7fffffffff,262387.8879937287
824cc7fffffffff,143061.98595315148
824cb7fffffffff,303.3184995296369
824caffffffffff,6444.686098707765
824c9ffffffffff,53905.31672181815
824c97fffffffff,739.0761910611877
824c8ffffffffff,68922.81688520435
824c87fffffffff,119.6275225329834
824bb7fffffffff,413734.0129342259
824baffffffffff,216119.92516070558
824ba7fffffffff,401096.95004009973
824b9ffffffffff,14163.338348028365
824b97fffffffff,31171.47424706485
824b87fffffffff,125988.80291133336
824b77fffffffff,135916.64489058056
824b6ffffffffff,435260.57867645106
824b67fffffffff,261322.7828693825
824b57fffffffff,3006.8468626660674
824b37fffffffff,820577.5931261933
824b27fffffffff,952667.4187689017
824b1ffffffffff,30030.256847455435
824b0ffffffffff,3861.9864059945016
824aeffffffffff,0.0
824acffffffffff,0.0
824a97fffffffff,118073.27322368094
824a6ffffffffff,34.35817233669528
824a4ffffffffff,30.86701142809759
824a2ffffffffff,45.77054183985089
824a27fffffffff,29972.54943831109
8249b7fffffffff,59841.28978137528
8249affffffffff,86649.05443326666
8249a7fffffffff,41551.7438040688
82499ffffffffff,154468.07283294958
824997fffffffff,245146.62094163866
82498ffffffffff,349529.5863341605
824987fffffffff,742527.2546700648
824977fffffffff,0.0
82490ffffffffff,0.7146499315155167
8248f7fffffffff,10046.449521602024
8248effffffffff,39199.22323163494
8248e7fffffffff,27696.013003740372
8248dffffffffff,17194.236715687
8248d7fffffffff,20239.636151298975
8248cffffffffff,10772.057131474658
8248c7fffffffff,53592.32521270086
8248b7fffffffff,24012.51290665041
8248affffffffff,67292.05690540955
8248a7fffffffff,116214.72619792733
82489ffffffffff,234698.05005113
824897fffffffff,77894.53049632031
82488ffffffffff,17655.20063565256
824887fffffffff,95914.30001397211
824877fffffffff,2760.221087136917
82486ffffffffff,3.8852448276067886
82485ffffffffff,7178.502680285635
824857fffffffff,39733.20971072449
82484ffffffffff,155172.29140601915
824847fffffffff,1093.6941923131283
824837fffffffff,121852.30890946061
82482ffffffffff,31788.03074991946
824827fffffffff,25623.31271151949
82481ffffffffff,11530.77741050485
824817fffffffff,56055.784878585706
82480ffffffffff,68498.40165835364
824807fffffffff,42492.62540542145
8247a7fffffffff,1.5560006752877702
8246d7fffffffff,0.7145429549744785
82465ffffffffff,1151.7630554508692
82464ffffffffff,15745.844356050002
824637fffffffff,0.0
82460ffffffffff,0.0
8245b7fffffffff,69150.91200198763
8245affffffffff,2687.2078112308977
8245a7fffffffff,2791.9657581845327
82459ffffffffff,45259.37311599041
824597fffffffff,58674.65330239195
82458ffffffffff,52476.60873055211
824587fffffffff,1422.5765782416745
824577fffffffff,24183.799176340166
82456ffffffffff,82083.5950579438
824567fffffffff,90055.9421445696
824557fffffffff,39087.430132242276
824547fffffffff,0.0
824537fffffffff,20850.454971304145
82452ffffffffff,37482.12048714623
824527fffffffff,239278.46468365446
82451ffffffffff,31114.233786826117
824517fffffffff,0.7144792696810612
82450ffffffffff,26385.99184325498
824507fffffffff,16341.684131104143
8244f7fffffffff,148412.96198126097
8244effffffffff,51144.8187339647
8244e7fffffffff,26815.880149697
8244dffffffffff,97761.09719802623
8244d7fffffffff,48656.962289260846
8244cffffffffff,201942.4531172558
8244c7fffffffff,42295.473326350286
8244b7fffffffff,848.1420696578106
8244affffffffff,197585.05183895782
8244a7fffffffff,256.8713525141097
824487fffffffff,7477.8108239258945
824477fffffffff,30429.059810603936
82446ffffffffff,64781.975024328145
824467fffffffff,19765.12551008497
82445ffffffffff,31377.621424757097
824457fffffffff,46380.07687305908
82444ffffffffff,28897.557428600467
824447fffffffff,63677.75818999911
824437fffffffff,106906.89071163091
824427fffffffff,49589.05517423453
82441ffffffffff,136306.98713679827
824417fffffffff,17299.344058118477
8243b7fffffffff,121.04735901741977
8243affffffffff,187972.40508830288
8243a7fffffffff,10082.217762002689
82439ffffffffff,2790.799946819267
824397fffffffff,1351.3602343789219
82438ffffffffff,42768.46763624799
824387fffffffff,1539.5698232137704
824377fffffffff,4326.488523342695
82436ffffffffff,86822.17276655837
824367fffffffff,160838.9435816454
82435ffffffffff,35502.975523558634
824357fffffffff,17987.470575476535
82434ffffffffff,62300.286674027644
824347fffffffff,40456.51541678827
824337fffffffff,22704.18295613276
82432ffffffffff,28899.13894401831
824327fffffffff,63556.5024737617
82431ffffffffff,41388.25855970724
824317fffffffff,11857.722072039938
82430ffffffffff,46141.154927126656
824307fffffffff,163611.05686144624
8242effffffffff,256117.55562039657
8242e7fffffffff,1092614.8661163643
8242dffffffffff,610613.066416669
8242d7fffffffff,115818.15867305477
8242cffffffffff,702538.6954731579
8242c7fffffffff,121806.04295039923
824277fffffffff,25795.55372344911
82426ffffffffff,318544.9070701408
824267fffffffff,110040.35351180208
82425ffffffffff,114391.3078936042
824257fffffffff,375125.62765322014
82424ffffffffff,1000503.6031644089
824247fffffffff,291855.0341224841
824237fffffffff,2452.814691485098
82422ffffffffff,10642.829128776579
824227fffffffff,42661.941051621056
82421ffffffffff,353191.0365458978
824217fffffffff,14029.11994908958
82420ffffffffff,15348.035663984201
824207fffffffff,26980.756588742675
8241b7fffffffff,406475.45953688206
8241affffffffff,282360.49196990277
8241a7fffffffff,582329.6431400183
82419ffffffffff,363073.0684586612
824197fffffffff,788732.5620194218
82418ffffffffff,525582.2671377824
824187fffffffff,247752.46365234314
824177fffffffff,183852.55146672524
82416ffffffffff,184967.25588457336
824167fffffffff,239990.31679548082
82415ffffffffff,338352.2224968898
824157fffffffff,635931.4109071365
82414ffffffffff,617225.5776875325
824147fffffffff,179507.22133077832
824137fffffffff,0.5838367933420857
82411ffffffffff,833503.2331816471
824117fffffffff,247087.14232451605
82410ffffffffff,1164160.3281659998
824107fffffffff,1321822.761640894
8240f7fffffffff,319142.27088802506
8240effffffffff,495901.2761922691
8240e7fffffffff,934528.8302727278
8240dffffffffff,166342.94220753305
8240d7fffffffff,301307.7718243537
8240cffffffffff,9271.367992345924
8240c7fffffffff,228360.78671716046
8240b7fffffffff,770164.8177046753
8240affffffffff,358549.91990046913
8240a7fffffffff,667533.3504700277
82409ffffffffff,510880.6493911849
824097fffffffff,1144264.9051371498
82408ffffffffff,483271.714552753
824087fffffffff,833622.162863892
824077fffffffff,261129.90520194863
82406ffffffffff,131168.55650885767
824067fffffffff,225461.82161165803
82405ffffffffff,71902.30582506763
824057fffffffff,413156.98815842724
82404ffffffffff,152522.3927060245
824047fffffffff,373045.5959632182
824037fffffffff,434907.3047337242
82402ffffffffff,286960.1049296167
824027fffffffff,599394.4263648543
82401ffffffffff,234997.9432887252
824017fffffffff,705158.1061746351
82400ffffffffff,357116.4375089306
824007fffffffff,449504.9004266228
823fb7fffffffff,780.474721861235
823faffffffffff,4619.869135430358
823fa7fffffffff,5499.642834464502
823f9ffffffffff,2889.127401151385
823f97fffffffff,1252.4800377037398
823f8ffffffffff,6134.495103816139
823f87fffffffff,855.3960644638885
823f77fffffffff,79522.22849976436
823f6ffffffffff,123528.39621716918
823f67fffffffff,158889.03054536958
823f5ffffffffff,610553.8228545247
823f57fffffffff,6219.271919844899
823f4ffffffffff,39328.91360411676
823f47fffffffff,11124.873556558197
823f37fffffffff,38033.610087704474
823f2ffffffffff,60261.319772551564
823f27fffffffff,98210.19151188126
823f1ffffffffff,26957.048338719444
823f17fffffffff,117058.51926396496
823f0ffffffffff,25824.609821427304
823ef7fffffffff,10.154429725015971
823eeffffffffff,9.492486555669013
823ee7fffffffff,609.8112616737801
823edffffffffff,2112.7665791629943
823ed7fffffffff,636.2406392332402
823ecffffffffff,1165.717346238603
823ec7fffffffff,488.0689652250498
823eb7fffffffff,94.28347700482773
823eaffffffffff,59.73684322302809
823ea7fffffffff,405.90292601653937
823e9ffffffffff,5457.309826613478
823e97fffffffff,432.97621196295523
823e8ffffffffff,987.2087106080045
823e87fffffffff,454.5229615178789
823e77fffffffff,978473.9467906485
823e6ffffffffff,48871.48555712195
823e67fffffffff,2160181.653373683
823e5ffffffffff,182313.6965840099
823e57fffffffff,6050.2172339575745
823e4ffffffffff,187127.95436392684
823e47fffffffff,536769.6912370166
823e37fffffffff,1544.6313999738593
823e2ffffffffff,1919.6691168044524
823e27fffffffff,36221.12890322719
823e1ffffffffff,604.7465598632268
823e17fffffffff,65.39784577581598
823e0ffffffffff,5.158681178743743
823e07fffffffff,2109.2043389016203
823db7fffffffff,485770.1843451622
823daffffffffff,2169372.956363172
823da7fffffffff,526302.8134501321
823d9ffffffffff,445365.54085747135
823d97fffffffff,660558.8704220252
823d8ffffffffff,792541.2217758218
823d87fffffffff,421735.6938135638
823d77fffffffff,1098.6866677378828
823d6ffffffffff,925.6428025703577
823d67fffffffff,1687.368892241452
823d5ffffffffff,460.55568261878386
823d57fffffffff,438.18274101518006
823d4ffffffffff,245.78071969052723
823d47fffffffff,0.28101519295064914
823d37fffffffff,1722840.7867130155
823d2ffffffffff,5416.03547184044
823d27fffffffff,215905.75482526538
823d1ffffffffff,513569.96273414284
823d17fffffffff,1077961.4994801308
823d0ffffffffff,823.5768975274208
823d07fffffffff,149018.84481098564
823cf7fffffffff,2104657.9064858914
823ceffffffffff,816717.4773053452
823ce7fffffffff,1651959.9508750895
823cdffffffffff,211363.77405359645
823cd7fffffffff,1200702.9152741467
823ccffffffffff,129155.92571532793
823cc7fffffffff,2264254.928333642
823cb7fffffffff,414247.6670713474
823caffffffffff,581728.9435822157
823ca7fffffffff,425263.8119774564
823c9ffffffffff,301472.59613160975
823c97fffffffff,342590.95870456647
823c8ffffffffff,549574.4234410644
823c87fffffffff,541700.4469270417
823c77fffffffff,8646.000129981034
823c6ffffffffff,5919.172875406163
823c67fffffffff,2194.7179019823084
823c5ffffffffff,199420.83310877945
823c57fffffffff,42566.20287827602
823c4ffffffffff,9025.224654715988
823c47fffffffff,12346.968627910546
823c37fffffffff,1152881.2604896084
823c2ffffffffff,1546.2552791925514
823c27fffffffff,5888.951017461161
823c1ffffffffff,2372166.4680047757
823c17fffffffff,1778007.4236663533
823c0ffffffffff,110496.69365090368
823c07fffffffff,569203.5041887347
8239affffffffff,462943.1442469081
82399ffffffffff,96169.94786490558
823997fffffffff,48203.6447728194
82398ffffffffff,176514.9876349778
823987fffffffff,113388.45877039297
823977fffffffff,184991.7904196955
82396ffffffffff,135897.73013861504
823967fffffffff,121696.94740703677
82395ffffffffff,21742.237180598553
823957fffffffff,144351.52102245233
82394ffffffffff,25096.08382221038
823947fffffffff,65490.647398233166
823937fffffffff,124818.98875805658
82392ffffffffff,87345.61879400263
823927fffffffff,126427.78703082417
82391ffffffffff,158007.29680146446
823917fffffffff,125994.00920292182
82390ffffffffff,83385.31152917232
823907fffffffff,169852.33371150572
8238f7fffffffff,9317.68902655268
8238effffffffff,1462.353271711974
8238e7fffffffff,3901.6784118813216
8238dffffffffff,191.47502455418348
8238d7fffffffff,1098.366266593294
8238cffffffffff,358.94485016195347
8238c7fffffffff,1362.7831782142162
8238b7fffffffff,2291.00148114565
8238affffffffff,513.1384461550961
8238a7fffffffff,2551.7119383762665
82389ffffffffff,262.42003282722976
823897fffffffff,83.38016165626765
82388ffffffffff,8306.594196802444
823887fffffffff,106.19679143445404
823877fffffffff,269435.11524287175
82386ffffffffff,188421.40679116224
823867fffffffff,169352.39392218905
82385ffffffffff,11506.505121160695
823857fffffffff,26671.29354285548
82384ffffffffff,100055.74461016875
823847fffffffff,140952.63691607487
823837fffffffff,346597.1699655771
82382ffffffffff,217840.83932282278
823827fffffffff,152448.8594210085
82381ffffffffff,2416.5135032698818
823817fffffffff,20760.25133996602
82380ffffffffff,19779.977734019252
823807fffffffff,50107.066818357715
8235affffffffff,207.8068151986365
82351ffffffffff,5451.917897258923
8234dffffffffff,0.0
82346ffffffffff,14197.986504999508
823467fffffffff,15417.0205098233
82344ffffffffff,39605.472910838434
823447fffffffff,21305.26606446559
823437fffffffff,3307.2217781007607
823427fffffffff,4140.911681090281
8231b7fffffffff,183451.45045923314
8231affffffffff,504317.98877251986
8231a7fffffffff,49569.772211338284
82319ffffffffff,876039.4606735044
823197fffffffff,315514.4486041255
82318ffffffffff,954130.623241997
823187fffffffff,216387.1839837866
823177fffffffff,328036.67989421973
82316ffffffffff,69842.37226844845
823167fffffffff,133571.2392173397
82315ffffffffff,163781.98405519428
823157fffffffff,369357.74341410014
82314ffffffffff,68377.46651235432
823147fffffffff,84879.64940282943
823137fffffffff,455.6032370266853
82312ffffffffff,65444.44733060067
823127fffffffff,2050.79621118997
82311ffffffffff,81719.55089745646
823117fffffffff,10919.91283192321
82310ffffffffff,68366.57330903229
823107fffffffff,12339.469364287794
8230f7fffffffff,10767.395955745187
8230effffffffff,689667.3698229737
8230e7fffffffff,57892.04095698946
8230dffffffffff,116928.70393385107
8230d7fffffffff,34411.9640713158
8230cffffffffff,233268.09147110255
8230c7fffffffff,80651.49957071488
8230b7fffffffff,938321.778495825
8230affffffffff,426993.5805963254
8230a7fffffffff,866928.8979151709
82309ffffffffff,1374794.6418891873
823097fffffffff,747020.2384852932
82308ffffffffff,351012.8836936673
823087fffffffff,866935.2513785325
823037fffffffff,501112.08806484006
82302ffffffffff,249236.97472458656
823027fffffffff,247340.44420958924
82301ffffffffff,162917.2612573709
823017fffffffff,298667.03305381426
823007fffffffff,315904.96826134325
822f6ffffffffff,1.0126452296779827
822f5ffffffffff,513141.743037781
822f4ffffffffff,595.362272585044
822f47fffffffff,574.4975191126053
822ef7fffffffff,18644.86763593806
822eeffffffffff,6911.724952273192
822ee7fffffffff,72364.73030280924
822edffffffffff,2285.568691866595
822ed7fffffffff,63.43098778787425
822ecffffffffff,2856.818475941021
822ec7fffffffff,744.3397873946654
822eb7fffffffff,3.7630954899100573
822eaffffffffff,6304.843009290313
822ea7fffffffff,574.4265723919931
822e9ffffffffff,258.03437891292106
822e8ffffffffff,8193.4966717132
822e77fffffffff,249338.55801349584
822e6ffffffffff,509546.73021817603
822e67fffffffff,1058367.3717476586
822e4ffffffffff,19193.514413117377
822e47fffffffff,52533.96073468876
822e37fffffffff,0.0
822e2ffffffffff,188294.61948595647
822e1ffffffffff,21500.935538766254
822e17fffffffff,14027.860885160802
822e0ffffffffff,90172.33520292472
822e07fffffffff,38471.792301420704
822db7fffffffff,279818.1108565206
822daffffffffff,436523.8854235823
822da7fffffffff,179268.38773766626
822d9ffffffffff,7327.286490430012
822d97fffffffff,16962.487681310402
822d8ffffffffff,42370.291352797554
822d87fffffffff,488562.8013343447
822d77fffffffff,58623.00781915216
822d6ffffffffff,118602.73672395646
822d67fffffffff,106194.41174337332
822d5ffffffffff,85591.48864918367
822d57fffffffff,31502.53763455535
822d4ffffffffff,26720.683867301264
822d47fffffffff,114361.57141009715
822d37fffffffff,175203.6443262236
822d2ffffffffff,71172.67843965768
822d27fffffffff,124425.47719110975
822d1ffffffffff,100922.81038516715
822d17fffffffff,145310.79199664254
822d0ffffffffff,57027.72652441626
822d07fffffffff,186885.48848660084
822cf7fffffffff,131822.47929345493
822ceffffffffff,12117.767006200133
822ce7fffffffff,101005.17213096967
822cdffffffffff,1235.1685504648042
822cd7fffffffff,131111.86344093474
822ccffffffffff,58858.50303605409
822cc7fffffffff,404410.79077404796
822cb7fffffffff,3114.250986784448
822caffffffffff,298988.7637302208
822ca7fffffffff,181234.35765650962
822c9ffffffffff,176737.16752956618
822c97fffffffff,11802.780348339842
822c8ffffffffff,140764.6472717037
822c87fffffffff,175766.7157203981
822c77fffffffff,138368.896128375
822c6ffffffffff,11284.11414595909
822c67fffffffff,20884.75827242496
822c5ffffffffff,10413.725100578768
822c57fffffffff,101313.22597564098
822c4ffffffffff,3567.362610301097
822c47fffffffff,13903.674186999737
822c37fffffffff,167899.69452552966
822c2ffffffffff,59573.97505790976
822c27fffffffff,58579.52647890893
822c1ffffffffff,131904.04831428712
822c17fffffffff,253621.47028934973
822c0ffffffffff,151621.92700153694
822c07fffffffff,83817.43528269282
822bb7fffffffff,231.81017942294616
822baffffffffff,121610.51448605866
822ba7fffffffff,2527.3058580295915
822b9ffffffffff,21975.058601092573
822b97fffffffff,4141.732641832336
822b8ffffffffff,76766.13305260908
822b87fffffffff,2622.822019678459
822b37fffffffff,368.470451774173
822b2ffffffffff,9477.097992157313
822b27fffffffff,1142.0814012558546
822b1ffffffffff,15175.4973305286
822b17fffffffff,10391.680728176463
822b0ffffffffff,21458.997081713293
822b07fffffffff,7665.682034765074
822af7fffffffff,150976.37501692056
822ad7fffffffff,128233.60167257824
822ac7fffffffff,11537.824567947635
822ab7fffffffff,165909.23550690187
822aaffffffffff,264210.96893169684
822aa7fffffffff,248393.36765829637
822a9ffffffffff,156615.73904484298
822a97fffffffff,122997.60853545216
822a8ffffffffff,52641.31799095669
822a87fffffffff,170138.28577437208
822a4ffffffffff,1340.405638309764
822a37fffffffff,82434.1933130284
822a1ffffffffff,69877.99593560422
822a17fffffffff,359580.22900498915
822a07fffffffff,187470.9104487068
8229b7fffffffff,120766.03521626169
8229affffffffff,340716.1480920021
8229a7fffffffff,226117.8917300913
82299ffffffffff,6340.292115627983
822997fffffffff,4042.30219617996
82298ffffffffff,741.7991520726978
822987fffffffff,63663.75367619914
82291ffffffffff,52430.21712690004
822917fffffffff,4293.239806062775
8228f7fffffffff,58080.82397883737
8228dffffffffff,103141.58156956019
8228d7fffffffff,21239.712656597247
8228cffffffffff,3373.9961001530655
8228c7fffffffff,94672.21097409845
8228b7fffffffff,44335.77792102762
8228affffffffff,17573.803078839202
8228a7fffffffff,1333.516448723367
82289ffffffffff,8010.111306060094
822897fffffffff,8489.721737529097
82288ffffffffff,7711.2279636051835
822887fffffffff,8456.282211928197
822837fffffffff,240101.00738454296
82281ffffffffff,11513.343104183445
822817fffffffff,20176.030843972836
822807fffffffff,63625.40682571542
8227b7fffffffff,4682.206014586255
8227affffffffff,7410.525511340991
8227a7fffffffff,12203.534739143222
82279ffffffffff,5046.924321735663
822797fffffffff,6288.197945611222
82278ffffffffff,1225.6661787617265
822787fffffffff,1362.0761013540732
822777fffffffff,3149.451988796525
82276ffffffffff,11459.08833163282
822767fffffffff,624.6475235419852
82275ffffffffff,50608.54366042862
822757fffffffff,20573.182523316762
82274ffffffffff,82257.22457829665
822747fffffffff,8330.678712191182
822737fffffffff,937.5828360167823
82272ffffffffff,247.56319279892728
822727fffffffff,585.2671214011194
82271ffffffffff,21865.391828373482
822717fffffffff,3542.6865895869114
82270ffffffffff,7890.809300679357
822707fffffffff,965.8323327820904
8226f7fffffffff,3729.9497665840395
8226effffffffff,51290.29251489826
8226e7fffffffff,12181.449335348316
8226dffffffffff,20373.594949870825
8226d7fffffffff,2917.286359513039
8226cffffffffff,59664.96723633779
8226c7fffffffff,5990.9599772570255
8226b7fffffffff,9319.370554297451
8226affffffffff,20788.620876623052
8226a7fffffffff,3603.5621826821903
82269ffffffffff,6717.518562345557
822697fffffffff,73104.07611091464
82268ffffffffff,93392.23534857563
822687fffffffff,3821.2972981080266
822677fffffffff,44045.70139943913
82266ffffffffff,89449.10053940248
822667fffffffff,283861.83246203145
82265ffffffffff,43863.474833219916
822657fffffffff,65911.81610054315
82264ffffffffff,38119.348868236935
822647fffffffff,83757.44885998928
822637fffffffff,6470.26999131891
82262ffffffffff,89574.01213737048
822627fffffffff,14976.558824031268
82261ffffffffff,3134.0675571318993
822617fffffffff,4989.936517902028
82260ffffffffff,45011.68687742322
822607fffffffff,5424.947809137361
8225b7fffffffff,47571.86287576611
8225affffffffff,3177.305547944185
8225a7fffffffff,19793.493954073074
82259ffffffffff,17.798022005665363
822597fffffffff,29231.68515433979
82258ffffffffff,13482.6165337037
822587fffffffff,119124.17294042007
822577fffffffff,356.95501444216546
82256ffffffffff,1104.6512819744185
822567fffffffff,6254.565084627092
82255ffffffffff,10959.968538933314
822557fffffffff,2782.9503313922196
82254ffffffffff,14755.998312042111
822547fffffffff,27749.56100402396
822537fffffffff,5247.951996514646
82252ffffffffff,543.2694264901514
822527fffffffff,15729.925310472447
82251ffffffffff,1420.4146951882087
822517fffffffff,5034.477962007244
82250ffffffffff,1211.5100372475113
822507fffffffff,6472.729509274503
8224f7fffffffff,34243.82904951661
8224effffffffff,46833.987301146764
8224e7fffffffff,280.7889069774906
8224dffffffffff,211252.26210711486
8224d7fffffffff,203256.41587058414
8224cffffffffff,64813.11005533471
8224c7fffffffff,80383.60231850155
8224b7fffffffff,848.4332985328147
8224affffffffff,20162.06420122247
8224a7fffffffff,6505.262554057326
82249ffffffffff,2101.838117929602
822497fffffffff,464.81544978866555
82248ffffffffff,7168.349605866343
822487fffffffff,6604.076697934067
822477fffffffff,4786.148469192026
82246ffffffffff,1245.989281247287
822467fffffffff,35519.61733115051
82245ffffffffff,2706.0984508475167
822457fffffffff,932.9345260250822
82244ffffffffff,3920.9430192164655
822447fffffffff,1556.6518073138996
822437fffffffff,809.2013800107537
82242ffffffffff,3486.860023067758
822427fffffffff,1429.205781846253
82241ffffffffff,809.489829193246
822417fffffffff,163.53522219278022
82240ffffffffff,1164.4112643294864
822407fffffffff,1147.8720416665872
8222effffffffff,9.227824230556454
8222dffffffffff,2.0231516884822316
8222d7fffffffff,23.545639797640995
8222c7fffffffff,3.106918736597211
82225ffffffffff,8.414450459090576
8221b7fffffffff,9616.442520877803
8221affffffffff,8652.371739923567
8221a7fffffffff,5114.291400203611
82219ffffffffff,55958.76067039056
822197fffffffff,68268.21431767225
82218ffffffffff,3016.045091096187
822187fffffffff,129438.79867970872
822177fffffffff,16991.146850842437
82216ffffffffff,9375.270243694229
822167fffffffff,35573.26230665803
82215ffffffffff,54904.82197835684
822157fffffffff,3645.626920985797
82214ffffffffff,33028.323937452165
822147fffffffff,17919.677298765248
822137fffffffff,3977.2773913683127
82212ffffffffff,28009.805475709905
822127fffffffff,27779.273047238898
82211ffffffffff,3647.3037928257913
822117fffffffff,688.7430843534046
82210ffffffffff,922.5828776145042
822107fffffffff,13242.034415786147
8220f7fffffffff,79276.49098402177
8220effffffffff,52033.35270600706
8220e7fffffffff,114422.12893535763
8220dffffffffff,19920.06301763031
8220d7fffffffff,67069.4372094645
8220cffffffffff,31374.071472707594
8220c7fffffffff,36887.08171482608
8220b7fffffffff,106514.38333682132
8220affffffffff,398291.6240837045
8220a7fffffffff,242650.6451946143
82209ffffffffff,779077.086239314
822097fffffffff,274079.2898847988
82208ffffffffff,16538.599107049955
822087fffffffff,295487.5674121883
822077fffffffff,2527.0661571679766
82206ffffffffff,24546.95680088877
822067fffffffff,16697.524034766353
82205ffffffffff,26719.589712960576
822057fffffffff,8308.59126490808
82204ffffffffff,7310.592342576151
822047fffffffff,11009.42257909101
822037fffffffff,13881.605808891238
82202ffffffffff,2318.639512881833
822027fffffffff,3505.1001591799286
82201ffffffffff,42844.09975550994
822017fffffffff,87703.6404281752
82200ffffffffff,2417.988505836701
822007fffffffff,1429.7051488599636
821fb7fffffffff,353033.3221417484
821faffffffffff,475390.8022605363
821fa7fffffffff,411944.3325521922
821f9ffffffffff,237617.32163945312
821f97fffffffff,71276.85547147326
821f8ffffffffff,347604.8996635186
821f87fffffffff,84536.43435123193
821f77fffffffff,20336.3892038516
821f6ffffffffff,35538.53366273386
821f67fffffffff,15824.352642977763
821f5ffffffffff,166280.05975490747
821f57fffffffff,162626.12064491736
821f4ffffffffff,107320.64941471333
821f47fffffffff,69697.68345574908
821f37fffffffff,38098.90767332413
821f2ffffffffff,106021.65035214546
821f27fffffffff,45526.08688160332
821f1ffffffffff,251285.4917881397
821f17fffffffff,518480.7673266229
821f0ffffffffff,122902.24682594558
821f07fffffffff,168076.42365498128
821ef7fffffffff,77551.39753696516
821eeffffffffff,182703.6280930562
821ee7fffffffff,163696.22809796443
821edffffffffff,84431.7425548148
821ed7fffffffff,114892.55136748769
821ecffffffffff,83691.55448929896
821ec7fffffffff,162364.24235330385
821eb7fffffffff,197116.35761501262
821eaffffffffff,97200.00848442406
821ea7fffffffff,450158.22836856626
821e9ffffffffff,181770.87610882998
821e97fffffffff,45630.17838178841
821e8ffffffffff,231553.20166427066
821e87fffffffff,196287.18649556534
821e77fffffffff,153900.94071968642
821e6ffffffffff,117431.21596854505
821e67fffffffff,55687.40782422194
821e5ffffffffff,130881.31984599296
821e57fffffffff,122871.82172948116
821e4ffffffffff,88992.83596628852
821e47fffffffff,112791.9593309205
821e37fffffffff,262555.71740951145
821e2ffffffffff,323583.1868972598
821e27fffffffff,264952.5360569471
821e1ffffffffff,149886.82717860682
821e17fffffffff,206977.4001094902
821e0ffffffffff,212238.1427020577
821e07fffffffff,223552.76745722658
821db7fffffffff,4.537594940290886
821d2ffffffffff,149.0143725080517
821d27fffffffff,491.39477621291985
821bb7fffffffff,263.68948847862504
821ba7fffffffff,107.3871570845521
821b9ffffffffff,2705.8781423247538
821b97fffffffff,148.92920161571217
821b8ffffffffff,1869.1459403218084
821b87fffffffff,300.58593408845445
821b27fffffffff,268.5030616753479
821ab7fffffffff,1267.1192222838351
821aa7fffffffff,4170.26698404749
821a87fffffffff,5225.796343476318
821977fffffffff,38704.24604639419
82196ffffffffff,298698.149485461
821967fffffffff,0.13959692241063132
82195ffffffffff,290069.83054335613
821957fffffffff,106442.06539856014
82194ffffffffff,586947.691836934
821947fffffffff,187870.08154788835
821937fffffffff,1160.3143511714002
82192ffffffffff,1077.2159406019514
821927fffffffff,1516.2979335866653
82191ffffffffff,406.40844964436036
82190ffffffffff,1830.5597152483583
821907fffffffff,814.6818278417147
821877fffffffff,49470.60038739906
82186ffffffffff,158103.5257654378
821867fffffffff,165052.14102434035
82185ffffffffff,78711.94469023996
821857fffffffff,18686.625754146757
82184ffffffffff,121586.44386385869
821847fffffffff,55217.02933806465
82182ffffffffff,88386.62356405509
821827fffffffff,52404.75510841744
82180ffffffffff,21669.53926508468
821807fffffffff,25583.498155776895
8217b7fffffffff,978.3502310876783
8217affffffffff,36.42849370647557
82178ffffffffff,94.48742561171221
821777fffffffff,52.70388399472607
82176ffffffffff,740.6481434917156
821767fffffffff,26.200933229924388
82175ffffffffff,34.78924653396051
821757fffffffff,116.65717564076395
821747fffffffff,45.940713432026676
821737fffffffff,45.141822450990645
82172ffffffffff,134.30553779374733
821727fffffffff,203.41601170648752
82171ffffffffff,7.68628642421368
821717fffffffff,649.2028035619792
82170ffffffffff,61.71990222724421
821707fffffffff,1462.1747398240518
8216b7fffffffff,3.597492969709163
8216a7fffffffff,125.75011664328899
82165ffffffffff,3.7306193839179174
821657fffffffff,7.688063938033152
821637fffffffff,104.23696324217153
821627fffffffff,173.56274628600326
821617fffffffff,5030.673590313787
82160ffffffffff,20.115520426347135
821607fffffffff,381.25319775990545
8215b7fffffffff,910.6419972361309
8215affffffffff,3611.919735020547
8215a7fffffffff,9428.980037141484
82159ffffffffff,15544.244978297851
821597fffffffff,1543.5735569450885
82158ffffffffff,5153.588652430827
821587fffffffff,11181.034965646371
821577fffffffff,2000.9095056582848
82156ffffffffff,188.00602698387317
821567fffffffff,1343.7474467846641
82155ffffffffff,1052.8527984726077
821557fffffffff,48.42455687872892
82154ffffffffff,8389.106913510732
821547fffffffff,802.0156984466153
821537fffffffff,819.6223749482751
82152ffffffffff,153.5105826374021
821527fffffffff,1227.2535645196704
82151ffffffffff,418.1623362256205
821517fffffffff,631.4159020559993
82150ffffffffff,424.32586207983167
821507fffffffff,594.1021630851994
8214f7fffffffff,1582.2121212157422
8214effffffffff,159.73338446566152
8214e7fffffffff,212.36193716840216
8214dffffffffff,1572.3694403924876
8214d7fffffffff,17338.75536164372
8214cffffffffff,885.6777359131971
8214c7fffffffff,7041.972540076434
8214b7fffffffff,95797.05855835575
8214affffffffff,20643.49752569397
8214a7fffffffff,28275.19825616285
82149ffffffffff,139477.5110748827
821497fffffffff,366417.58424809296
82148ffffffffff,36906.710142754986
821487fffffffff,143642.6509006122
821477fffffffff,21.612597856043177
82146ffffffffff,55.93832466103911
821467fffffffff,1545.2266755190292
821457fffffffff,69.97789559208431
82144ffffffffff,277.0455659905037
821447fffffffff,16.43264083709084
821437fffffffff,1525.3634260190752
82142ffffffffff,2155.388437420991
821427fffffffff,115.36254694604024
82141ffffffffff,2149.0169984509503
821417fffffffff,6689.19202675808
82140ffffffffff,99.11418296525817
821407fffffffff,2763.2979275145053
8213b7fffffffff,8.288957288087612
8213affffffffff,11.758371419669627
8213a7fffffffff,74.05689715004459
82139ffffffffff,978.9138344421023
821397fffffffff,40.37038533548755
82138ffffffffff,71.72744148869594
821387fffffffff,711.764436068039
821377fffffffff,1.7363923907966312
82136ffffffffff,46.04428490219894
821367fffffffff,1.2686171216890822
82135ffffffffff,11.151008322742296
821357fffffffff,509.02092346942726
82134ffffffffff,0.0
821347fffffffff,1.4105094942782705
821337fffffffff,188.19715398846384
82132ffffffffff,37.052017131422275
821327fffffffff,0.14000154740128792
82131ffffffffff,39.232704903563906
821317fffffffff,57.42821406180404
82130ffffffffff,0.1425813966856718
821307fffffffff,26.47613978380149
8212f7fffffffff,3043.701682969045
8212effffffffff,41114.01493250658
8212e7fffffffff,3653.613049236796
8212dffffffffff,14322.502444892565
8212d7fffffffff,2111.494021613627
8212cffffffffff,38259.43745434814
8212c7fffffffff,909.4798483493524
8212b7fffffffff,357.68739199241594
8212affffffffff,646.2906154614174
8212a7fffffffff,57.066943489762664
82129ffffffffff,277.04938135968985
821297fffffffff,151.39606347039845
82128ffffffffff,191.2927973129463
821287fffffffff,1375.9070870215694
821277fffffffff,158.06860784909793
82126ffffffffff,132.60506404418854
821267fffffffff,59.59512920424292
82125ffffffffff,5353.956485148423
821257fffffffff,2975.6863117530816
82124ffffffffff,2642.020177004831
821247fffffffff,304.00385548618186
821237fffffffff,48.79954881765974
82122ffffffffff,227.23147382745327
821227fffffffff,57.61101613626891
82121ffffffffff,1017.9998657276549
821217fffffffff,12.776887503358168
82120ffffffffff,937.8485705332662
821207fffffffff,133.59455629205164
8211b7fffffffff,60149.45578525711
8211affffffffff,110204.38969722744
8211a7fffffffff,50293.16736969038
82119ffffffffff,82269.20275104707
821197fffffffff,95337.0964786024
82118ffffffffff,358411.8762220748
821187fffffffff,57667.80111713905
821177fffffffff,2805.3822416906155
82116ffffffffff,123.44880873316438
821167fffffffff,4613.414012457452
82115ffffffffff,10109.18929636667
821157fffffffff,5778.538861202853
82114ffffffffff,26.632423766465728
821147fffffffff,153.52573251779967
821137fffffffff,18568.323739370513
82112ffffffffff,17325.414334633188
821127fffffffff,66596.16255290735
82111ffffffffff,14317.317187980248
821117fffffffff,12560.14300452534
82110ffffffffff,11379.835036526374
821107fffffffff,159639.79335439552
8210f7fffffffff,80928.03310948577
8210effffffffff,14169.341310381657
8210e7fffffffff,12830.226386675866
8210dffffffffff,81129.78207717628
8210d7fffffffff,71468.67123757816
8210cffffffffff,45557.493646169336
8210c7fffffffff,50502.23287904395
8210b7fffffffff,28103.490622315065
8210affffffffff,100237.07831577244
8210a7fffffffff,49796.47974877538
82109ffffffffff,11704.354916181315
821097fffffffff,31420.847671661242
82108ffffffffff,70382.50270315692
821087fffffffff,52003.07517873043
821077fffffffff,1522.3065007056036
82106ffffffffff,822.6641724139072
821067fffffffff,86.39815498895044
82105ffffffffff,455.4225355598307
821057fffffffff,2845.5394599520514
82104ffffffffff,298.35334573651886
821047fffffffff,3395.6923811132633
821037fffffffff,72494.12518852457
82102ffffffffff,4377.57447048376
821027fffffffff,18789.229289571947
82101ffffffffff,34993.1260724116
821017fffffffff,84797.40989814841
82100ffffffffff,10812.020897528697
821007fffffffff,7634.967208617434
820fb7fffffffff,66.86966075586365
820fa7fffffffff,99.60042395554005
820f9ffffffffff,45.197961893349294
820f97fffffffff,0.0
820f8ffffffffff,20.503882064272776
820f87fffffffff,46.626223897160536
820f77fffffffff,0.1440062443705605
820f5ffffffffff,48.828923789843934
820f57fffffffff,0.14203179143377442
820f4ffffffffff,104.3228578499846
820f37fffffffff,29.299450363664498
820f2ffffffffff,35.179550784103235
820f1ffffffffff,66.94405259736645
820f17fffffffff,49.51005899883364
820f0ffffffffff,68.98504930774398
820f07fffffffff,0.0
820ef7fffffffff,19.730291880198376
820eeffffffffff,229.54558398254127
820ee7fffffffff,179.89138100334188
820edffffffffff,18.803751740631352
820ed7fffffffff,61.82095279999062
820ecffffffffff,409.67748237764295
820ec7fffffffff,146.33461038493604
820eb7fffffffff,193.34335082574543
820ea7fffffffff,197.4086709513201
820e9ffffffffff,476.596709328472
820e97fffffffff,49.798676762301255
820e8ffffffffff,66.33700150761784
820e87fffffffff,99.55133700329078
820e77fffffffff,0.28460097482156665
820e6ffffffffff,617.5989084076232
820e67fffffffff,0.7200312218527951
820e5ffffffffff,8.36235223556552
820e57fffffffff,2.4252217286912674
820e4ffffffffff,7.225904739034613
820e47fffffffff,1.440967315300577
820e37fffffffff,66.39519854363874
820e2ffffffffff,100.24156578001308
820e27fffffffff,199.75551149824312
820e1ffffffffff,98.38214720213763
820e0ffffffffff,76.52043748469931
820e07fffffffff,61.99340939206902
820db7fffffffff,105.15844480356574
820daffffffffff,11.392638260794289
820da7fffffffff,3.7593656564316804
820d9ffffffffff,398.7914524196263
820d97fffffffff,13.276634252563655
820d8ffffffffff,101.80703905279304
820d87fffffffff,98.94166454114594
820d77fffffffff,132.545795803893
820d6ffffffffff,114.7182381620919
820d67fffffffff,2.33662653763968
820d5ffffffffff,348.12109209844255
820d57fffffffff,7.877100214654559
820d4ffffffffff,4.536929805834977
820d47fffffffff,3.944749712312624
820d2ffffffffff,139.0730104308286
820d1ffffffffff,12.34890550178971
820d0ffffffffff,141.04404974855643
820d07fffffffff,48.872940420657876
820cf7fffffffff,26.292522977009458
820ceffffffffff,22.510858508406645
820ce7fffffffff,31.240662992146007
820cdffffffffff,43.36668190247058
820ccffffffffff,7.892167478426959
820cc7fffffffff,7.969077363165986
820caffffffffff,29.167890123410213
820ca7fffffffff,78.97520146279486
820c77fffffffff,68.7013951232396
820c6ffffffffff,71.24126949248975
820c67fffffffff,82.70725168393099
820c5ffffffffff,401.41314320930115
820c57fffffffff,2.3389145121280883
820c47fffffffff,10018.173594121845
820c37fffffffff,18.503509806400523
820c2ffffffffff,7.879250167203242
820c27fffffffff,4.514047808174674
820c1ffffffffff,37.437265809369784
820c17fffffffff,29.531295945062688
820c0ffffffffff,4.378034582013345
820c07fffffffff,21.993234144354503
820bb7fffffffff,30880.664455710135
820baffffffffff,2330.062728899335
820ba7fffffffff,5444.718198407372
820b9ffffffffff,12590.581225666345
820b97fffffffff,36056.88533885062
820b8ffffffffff,1660.237867630174
820b87fffffffff,85658.60142494118
820b77fffffffff,532.5162225256489
820b6ffffffffff,231.9735261901477
820b67fffffffff,3311.218406946435
820b5ffffffffff,171.73432747338595
820b57fffffffff,3167.881935294972
820b4ffffffffff,54.4106095777547
820b47fffffffff,316.6157240897321
820b37fffffffff,6923.304872171865
820b2ffffffffff,3240.993504149552
820b27fffffffff,4941.907702727353
820b1ffffffffff,7290.5032457742755
820b17fffffffff,649.0724732112153
820b0ffffffffff,4654.335388800689
820b07fffffffff,18492.14370067162
820af7fffffffff,87.60915335171839
820aeffffffffff,0.0
820ae7fffffffff,83.84514639117212
820adffffffffff,1151.52123797602
820ad7fffffffff,42.3527339774229
820acffffffffff,859.6081144773163
820ac7fffffffff,4.074720297784565
820ab7fffffffff,26926.68504360978
820aaffffffffff,120.52719941884594
820aa7fffffffff,7540.8302607292635
820a9ffffffffff,6505.722431314707
820a97fffffffff,5143.224207720793
820a8ffffffffff,2289.2042491813427
820a87fffffffff,4175.0427102468075
820a77fffffffff,2565.8624728670898
820a6ffffffffff,0.14138013563985136
820a67fffffffff,53.877133061524276
820a5ffffffffff,123.71000496140523
820a57fffffffff,10.457664553748664
820a4ffffffffff,122.2077354307974
820a47fffffffff,13.258789246215493
820a37fffffffff,38.36730681085555
820a2ffffffffff,273.6157807011264
820a27fffffffff,105.7160873785396
820a1ffffffffff,3.592934471587897
820a17fffffffff,420.1038152330056
820a0ffffffffff,39.41350555627629
820a07fffffffff,19.85908700065831
8209b7fffffffff,7827.581626221358
8209affffffffff,6900.551267914903
8209a7fffffffff,778.4462132995698
82099ffffffffff,18593.914731540797
820997fffffffff,16295.82332631113
82098ffffffffff,18706.908879885003
820987fffffffff,26522.367222673336
820977fffffffff,0.0
82095ffffffffff,1098.9715056134082
82094ffffffffff,3946.8618610310423
820937fffffffff,1321.27525879694
8208f7fffffffff,8708.925908025505
8208effffffffff,1661.424918971404
8208e7fffffffff,1464.034864893667
8208dffffffffff,9953.229418963849
8208d7fffffffff,21721.9478017656
8208cffffffffff,2665.109908308774
8208c7fffffffff,9026.554130394907
8208b7fffffffff,53138.64188167205
8208affffffffff,14768.022233410058
8208a7fffffffff,53525.120501466896
82089ffffffffff,2865.1161630856973
820897fffffffff,9411.837561049326
82088ffffffffff,14423.236835446074
820887fffffffff,125939.59061447308
820837fffffffff,7672.610653865449
82082ffffffffff,950.1744118263742
82081ffffffffff,3766.575047026232
820817fffffffff,7514.7839646650355
820807fffffffff,13083.921781988436
8207b7fffffffff,0.0
8207affffffffff,2.830740039434259
8207a7fffffffff,2.048936041344801
82078ffffffffff,0.0
820787fffffffff,1.694682947234889
820777fffffffff,323.3661908798854
820767fffffffff,376.04716522208315
82075ffffffffff,669.7448651806587
820757fffffffff,1037.246048402911
82074ffffffffff,5995.731789231294
820747fffffffff,1092.8175862569487
82071ffffffffff,10.67064222126907
820707fffffffff,1.9647796020299648
8206f7fffffffff,286.05078807427543
8206effffffffff,0.0
8206e7fffffffff,111.62986513032376
8206dffffffffff,439.0576840691157
8206d7fffffffff,298.22605990332795
8206cffffffffff,388.39212461482407
8206c7fffffffff,0.0
820697fffffffff,16.111153446331095
82068ffffffffff,108.67920918301552
820687fffffffff,49.9544332037439
820657fffffffff,113.45531659419832
820637fffffffff,2.412152613468259
820627fffffffff,9.670215794941994
820617fffffffff,0.0
820607fffffffff,0.0
8205b7fffffffff,114.07807077855954
8205affffffffff,17.743068237588442
8205a7fffffffff,66.51310102924059
82059ffffffffff,145.119983858637
820597fffffffff,0.569240620278857
82058ffffffffff,285.6259325733204
820587fffffffff,8.35430687028121
820537fffffffff,0.42536209668478775
820527fffffffff,0.9949596363624229
820517fffffffff,18.867730220185646
820507fffffffff,3.270972501536687
8204f7fffffffff,101.97335766107574
8204effffffffff,112.64068873107549
8204e7fffffffff,0.7169189532962241
8204dffffffffff,20.09561254723943
8204d7fffffffff,164.19973775595767
8204cffffffffff,131.3788343557379
8204c7fffffffff,111.04214552739397
8204b7fffffffff,42.8174587300117
8204affffffffff,256.9111968684919
8204a7fffffffff,264.9170357474905
82049ffffffffff,220.86536066819963
820497fffffffff,733.7856302410812
82048ffffffffff,88.73465578008265
820487fffffffff,105.38220102776934
82045ffffffffff,10.775254514837876
820437fffffffff,0.8592327266562313
82042ffffffffff,0.0
820427fffffffff,1.1456436355416373
82041ffffffffff,52.313221675713784
820417fffffffff,47.160538021340074
820407fffffffff,0.8570517427474981
820377fffffffff,0.6998056521097505
82035ffffffffff,13.05520291364109
820357fffffffff,0.0
82034ffffffffff,27.482120983335562
820347fffffffff,0.0
8202effffffffff,0.0
8202dffffffffff,43.163942290787105
8202d7fffffffff,8.554691300075413
8202cffffffffff,65.23959412579231
8202affffffffff,0.1426050261422947
82029ffffffffff,0.0
82028ffffffffff,5.038600695190213
820277fffffffff,3.1905339874094842
820267fffffffff,27.928830003983908
82025ffffffffff,20.086554171897333
820257fffffffff,13.370057076218702
82024ffffffffff,38.30799497190269
820247fffffffff,38.766617100917784
82022ffffffffff,0.42895869646983503
82020ffffffffff,0.14482410989948316
820207fffffffff,0.14390642754100316
8201b7fffffffff,597.8413239465197
82019ffffffffff,13.016360824482815
820197fffffffff,26.497286665263466
82018ffffffffff,13.024376690038446
820187fffffffff,60.86736252151788
820177fffffffff,12.393655361147278
82015ffffffffff,54.585564006615776
820157fffffffff,10.226764118505223
820137fffffffff,8869.426896260817
820127fffffffff,1621.6476029951962
82010ffffffffff,12.198584972013194
8200b7fffffffff,0.5651271503295706
8200a7fffffffff,0.7080524585770733
82009ffffffffff,0.281746350205609
820097fffffffff,150.08811368424554
82008ffffffffff,0.281598973001481
820087fffffffff,2.8101519295065387
82006ffffffffff,0.28734340636182504
82002ffffffffff,0.0
820027fffffffff,3.6505392866736166
82001ffffffffff,0.7116734540923663
820007fffffffff,0.0
